rank_IPI,IPI,LAT_ZONA,LON_ZONA,prioridad_IPI,familia_analitica,tipo_hotspot,cantidad_siniestros,criticidad_total,criticidad_promedio,anios_activos,siniestros_solo_danos,siniestros_con_heridos,siniestros_con_muertos,localidad_predominante,barrio_predominante,via_predominante,clase_predominante,gravedad_predominante
1,96.27553998832458,4.576,-74.155,Prioridad 1 - Intervención prioritaria,Hotspot robusto integral,Hotspot persistente con severidad media-alta,108,296,2.740740740740741,4,32,58,18,CIUDAD BOLIVAR,VERONA,AVENIDA CIUDAD DE VILLAVICENCIO,CHOQUE,CON HERIDOS
2,95.77816695855225,4.602,-74.081,Prioridad 1 - Intervención prioritaria,Hotspot robusto integral,Hotspot persistente con severidad media-alta,96,244,2.5416666666666665,4,32,54,10,SANTA FE,VOTO NACIONAL,AVENIDA CARACAS,ATROPELLO,CON HERIDOS
3,95.68943374197315,4.602,-74.077,Prioridad 1 - Intervención prioritaria,Hotspot robusto integral,Hotspot persistente con severidad media-alta,94,238,2.5319148936170213,4,28,60,6,SANTA FE,LA CAPUCHINA,AVENIDA FERNANDO MAZUERA,ATROPELLO,CON HERIDOS
4,95.08464681844717,4.605,-74.075,Prioridad 1 - Intervención prioritaria,Hotspot robusto integral,Hotspot persistente con severidad media-alta,86,206,2.395348837209302,4,32,48,6,SANTA FE,VERACRUZ,AVENIDA FERNANDO MAZUERA,CHOQUE,CON HERIDOS
5,94.99416228838295,4.642,-74.191,Prioridad 1 - Intervención prioritaria,Hotspot de severidad/fatalidad,Hotspot persistente con severidad media-alta,24,80,3.3333333333333335,4,0,20,4,BOSA,EL CORZO I,SIN_NMG,CHOQUE,CON HERIDOS
6,94.96555750145944,4.607,-74.13,Prioridad 1 - Intervención prioritaria,Hotspot de severidad/fatalidad,Hotspot persistente con severidad media-alta,60,152,2.533333333333333,4,24,26,10,PUENTE ARANDA,TEJAR,AVENIDA DEL CONGRESO EUCARISTICO,CHOQUE,CON HERIDOS
7,94.70110916520724,4.611,-74.075,Prioridad 1 - Intervención prioritaria,Hotspot robusto integral,Hotspot severo,182,422,2.318681318681319,4,66,112,4,SANTA FE,SANTA FE,AVENIDA CARACAS,CHOQUE,CON HERIDOS
8,94.63631056625802,4.576,-74.12,Prioridad 1 - Intervención prioritaria,Hotspot robusto integral,Hotspot persistente con severidad media-alta,92,236,2.5652173913043477,4,22,68,2,RAFAEL URIBE URIBE,QUIROGA SUR,AVENIDA CARACAS,ATROPELLO,CON HERIDOS
9,94.57501459427904,4.618,-74.17,Prioridad 1 - Intervención prioritaria,Hotspot de severidad/fatalidad,Hotspot persistente con severidad media-alta,48,132,2.75,4,10,34,4,KENNEDY,CASABLANCA,AVENIDA AGOBERTO MEJIA CIFUENTES,CHOQUE,CON HERIDOS
10,94.45534150612961,4.512,-74.115,Prioridad 1 - Intervención prioritaria,Hotspot de severidad/fatalidad,Hotspot persistente con severidad media-alta,68,160,2.3529411764705883,4,26,38,4,USME,LA ANDREA,AVENIDA CARACAS,CHOQUE,CON HERIDOS
11,94.45359019264447,4.576,-74.095,Prioridad 1 - Intervención prioritaria,Hotspot robusto integral,Hotspot persistente con severidad media-alta,148,332,2.2432432432432434,4,60,84,4,SAN CRISTOBAL,VEINTE DE JULIO,AVENIDA FERNANDO MAZUERA,CHOQUE,CON HERIDOS
12,94.44775248102744,4.609,-74.072,Prioridad 1 - Intervención prioritaria,Hotspot de severidad/fatalidad,Hotspot persistente con severidad media-alta,58,142,2.4482758620689653,4,22,30,6,SANTA FE,LAS NIEVES,AVENIDA FERNANDO MAZUERA,CHOQUE,CON HERIDOS
13,94.43724460011677,4.647,-74.065,Prioridad 1 - Intervención prioritaria,Hotspot robusto integral,Hotspot severo,222,482,2.171171171171171,4,100,114,8,CHAPINERO,CHAPINERO OCCIDENTAL,AVENIDA CARACAS,CHOQUE,CON HERIDOS
14,94.41039112667833,4.592,-74.116,Prioridad 1 - Intervención prioritaria,Hotspot robusto integral,Hotspot persistente con severidad media-alta,100,228,2.28,4,42,52,6,ANTONIO NARIÑO,EDUARDO FREY,AVENIDA JORGE GAITAN CORTES,CHOQUE,CON HERIDOS
15,94.26094570928197,4.586,-74.094,Prioridad 1 - Intervención prioritaria,Hotspot de severidad/fatalidad,Hotspot persistente con severidad media-alta,62,146,2.3548387096774195,4,24,34,4,ANTONIO NARIÑO,CIUDAD BERNA,AVENIDA CARACAS,CHOQUE,CON HERIDOS
16,94.24868651488616,4.619,-74.143,Prioridad 1 - Intervención prioritaria,Hotspot de severidad/fatalidad,Hotspot persistente con severidad media-alta,60,144,2.4,4,22,34,4,KENNEDY,CIUDAD KENNEDY ORIENTAL,AVENIDA PRIMERO DE MAYO,CHOQUE,CON HERIDOS
17,94.18213660245185,4.644,-74.066,Prioridad 1 - Intervención prioritaria,Hotspot de severidad/fatalidad,Hotspot persistente con severidad media-alta,72,168,2.3333333333333335,4,28,40,4,CHAPINERO,CHAPINERO CENTRAL,AVENIDA GILBERTO ALZATE AVENDAÑO,CHOQUE,CON HERIDOS
18,94.1249270286048,4.606,-74.126,Prioridad 1 - Intervención prioritaria,Hotspot de severidad/fatalidad,Hotspot persistente con severidad media-alta,56,136,2.4285714285714284,4,20,32,4,PUENTE ARANDA,SAN EUSEBIO,SIN_NMG,CHOQUE,CON HERIDOS
19,94.12434325744307,4.577,-74.141,Prioridad 1 - Intervención prioritaria,Hotspot robusto integral,Hotspot persistente con severidad media-alta,134,290,2.1641791044776117,4,62,66,6,TUNJUELITO,MUZU,AVENIDA BOYACA,CHOQUE,CON HERIDOS
20,94.12200817279628,4.586,-74.131,Prioridad 1 - Intervención prioritaria,Hotspot de severidad/fatalidad,Hotspot persistente con severidad media-alta,54,134,2.4814814814814814,4,18,32,4,TUNJUELITO,SAMORE,AVENIDA JORGE GAITAN CORTES,CHOQUE,CON HERIDOS
21,94.11441914769411,4.573,-74.139,Prioridad 1 - Intervención prioritaria,Hotspot robusto integral,Hotspot severo,158,334,2.1139240506329116,4,78,72,8,TUNJUELITO,PARQUE EL TUNAL,AVENIDA MARISCAL SUCRE,CHOQUE,SOLO DANOS
22,94.10391126678344,4.574,-74.153,Prioridad 1 - Intervención prioritaria,Hotspot de severidad/fatalidad,Hotspot persistente con severidad media-alta,58,138,2.3793103448275863,4,22,32,4,CIUDAD BOLIVAR,ARBORIZADORA BAJA,AVENIDA CIUDAD DE VILLAVICENCIO,CHOQUE,CON HERIDOS
23,94.09281961471103,4.603,-74.076,Prioridad 1 - Intervención prioritaria,Hotspot de severidad/fatalidad,Hotspot persistente con severidad media-alta,44,116,2.6363636363636362,4,12,28,4,SANTA FE,VERACRUZ,AVENIDA FERNANDO MAZUERA,ATROPELLO,CON HERIDOS
24,94.06421482778751,4.577,-74.096,Prioridad 1 - Intervención prioritaria,Hotspot de severidad/fatalidad,Hotspot persistente con severidad media-alta,50,122,2.44,4,22,20,8,ANTONIO NARIÑO,CIUDAD JARDIN SUR,SIN_NMG,CHOQUE,SOLO DANOS
25,94.04261529480443,4.739,-74.099,Prioridad 1 - Intervención prioritaria,Hotspot de severidad/fatalidad,Hotspot persistente con severidad media-alta,40,112,2.8,4,8,28,4,SUBA,COSTA AZUL,AVENIDA CIUDAD DE CALI,CHOQUE,CON HERIDOS
26,94.04261529480443,4.595,-74.086,Prioridad 1 - Intervención prioritaria,Hotspot de severidad/fatalidad,Hotspot persistente con severidad media-alta,40,112,2.8,4,8,28,4,SANTA FE,SAN BERNARDINO,AVENIDA CARACAS,CHOQUE,CON HERIDOS
27,93.97139521307648,4.544,-74.121,Prioridad 1 - Intervención prioritaria,Hotspot robusto integral,Hotspot persistente con severidad media-alta,120,256,2.1333333333333333,4,64,44,12,USME,LA PICOTA,AVENIDA CARACAS,CHOQUE,SOLO DANOS
28,93.97081144191478,4.595,-74.117,Prioridad 1 - Intervención prioritaria,Hotspot de severidad/fatalidad,Hotspot persistente con severidad media-alta,56,132,2.357142857142857,4,22,30,4,PUENTE ARANDA,AUTOPISTA MUZU ORIENTAL,AVENIDA CIUDAD DE QUITO,CHOQUE,CON HERIDOS
29,93.96964389959136,4.687,-74.095,Prioridad 1 - Intervención prioritaria,Hotspot robusto integral,Hotspot severo,152,316,2.0789473684210527,4,82,58,12,ENGATIVA,BONANZA,AVENIDA BOYACA,CHOQUE,SOLO DANOS
30,93.91827203736135,4.607,-74.181,Prioridad 1 - Intervención prioritaria,Hotspot de severidad/fatalidad,Hotspot persistente con severidad media-alta,42,110,2.619047619047619,4,12,26,4,BOSA,JOSE ANTONIO GALAN,AVENIDA BOSA,CHOQUE,CON HERIDOS
31,93.89784004670169,4.619,-74.14,Prioridad 1 - Intervención prioritaria,Hotspot robusto integral,Hotspot persistente con severidad media-alta,132,276,2.090909090909091,4,72,48,12,KENNEDY,CIUDAD KENNEDY,AVENIDA PRIMERO DE MAYO,CHOQUE,SOLO DANOS
32,93.83596030356101,4.631,-74.167,Prioridad 1 - Intervención prioritaria,Hotspot robusto integral,Hotspot persistente con severidad media-alta,132,276,2.090909090909091,4,66,60,6,KENNEDY,DINTALITO,AVENIDA CIUDAD DE CALI,CHOQUE,SOLO DANOS
33,93.79918272037362,4.628,-74.171,Prioridad 1 - Intervención prioritaria,Hotspot robusto integral,Hotspot severo,260,528,2.0307692307692307,4,130,126,4,KENNEDY,LAS MARGARITAS,AVENIDA CIUDAD DE CALI,CHOQUE,SOLO DANOS
34,93.7203736135435,4.617,-74.171,Prioridad 1 - Intervención prioritaria,Hotspot preventivo prioritario,Hotspot persistente con severidad media-alta,74,174,2.3513513513513513,4,26,46,2,KENNEDY,CASABLANCA,AVENIDA AGOBERTO MEJIA CIFUENTES,CHOQUE,CON HERIDOS
35,93.70694687682428,4.599,-74.079,Prioridad 1 - Intervención prioritaria,Hotspot de severidad/fatalidad,Hotspot persistente con severidad media-alta,26,78,3.0,4,4,18,4,SANTA FE,SANTA INES,AVENIDA FERNANDO MAZUERA,ATROPELLO,CON HERIDOS
36,93.67659077641565,4.581,-74.102,Prioridad 1 - Intervención prioritaria,Hotspot robusto integral,Hotspot persistente con severidad media-alta,136,284,2.088235294117647,4,66,66,4,ANTONIO NARIÑO,CIUDAD JARDIN SUR,AVENIDA PRIMERO DE MAYO,CHOQUE,CON HERIDOS
37,93.65907764156451,4.554,-74.092,Prioridad 1 - Intervención prioritaria,Hotspot preventivo prioritario,Hotspot persistente con severidad media-alta,48,132,2.75,4,8,38,2,SAN CRISTOBAL,ATENAS,AVENIDA CIUDAD DE VILLAVICENCIO,ATROPELLO,CON HERIDOS
38,93.6345592527729,4.594,-74.113,Prioridad 1 - Intervención prioritaria,Hotspot de severidad/fatalidad,Hotspot persistente con severidad media-alta,92,200,2.1739130434782608,4,42,46,4,ANTONIO NARIÑO,SANTANDER SUR,AVENIDA JORGE GAITAN CORTES,CHOQUE,CON HERIDOS
39,93.56742556917688,4.638,-74.067,Prioridad 1 - Intervención prioritaria,Hotspot preventivo prioritario,Hotspot persistente con severidad media-alta,54,138,2.5555555555555554,4,14,38,2,CHAPINERO,MARLY,AVENIDA CARACAS,ATROPELLO,CON HERIDOS
40,93.56100408639814,4.72,-74.095,Prioridad 1 - Intervención prioritaria,Hotspot robusto integral,Hotspot persistente con severidad media-alta,108,228,2.111111111111111,4,52,52,4,SUBA,RINCON ALTAMAR,SIN_NMG,CHOQUE,CON HERIDOS
41,93.55691768826621,4.578,-74.156,Prioridad 1 - Intervención prioritaria,Hotspot de severidad/fatalidad,Hotspot persistente con severidad media-alta,90,194,2.1555555555555554,4,42,44,4,CIUDAD BOLIVAR,VERONA,AVENIDA CIUDAD DE VILLAVICENCIO,CHOQUE,CON HERIDOS
42,93.49328663164039,4.669,-74.143,Prioridad 1 - Intervención prioritaria,Hotspot de severidad/fatalidad,Hotspot persistente con severidad media-alta,92,192,2.0869565217391304,4,50,34,8,FONTIBON,VILLEMAR,SIN_NMG,CHOQUE,SOLO DANOS
43,93.48394629305312,4.6,-74.088,Prioridad 1 - Intervención prioritaria,Hotspot robusto integral,Hotspot persistente con severidad media-alta,108,220,2.037037037037037,4,58,44,6,LOS MARTIRES,LA ESTANZUELA,AVENIDA DE LOS COMUNEROS,CHOQUE,SOLO DANOS
44,93.45300642148277,4.6,-74.078,Prioridad 1 - Intervención prioritaria,Hotspot preventivo prioritario,Hotspot persistente con severidad media-alta,62,150,2.4193548387096775,4,20,40,2,SANTA FE,SANTA INES,AVENIDA FERNANDO MAZUERA,CHOQUE,CON HERIDOS
45,93.40980735551663,4.719,-74.12,Prioridad 1 - Intervención prioritaria,Hotspot robusto integral,Hotspot persistente con severidad media-alta,102,206,2.019607843137255,4,56,40,6,ENGATIVA,VILLAS DE GRANADA I,AVENIDA MEDELLIN,CHOQUE,SOLO DANOS
46,93.36894337419733,4.594,-74.087,Prioridad 1 - Intervención prioritaria,Hotspot preventivo prioritario,Hotspot persistente con severidad media-alta,58,142,2.4482758620689653,4,18,38,2,SANTA FE,SAN BERNARDINO,AVENIDA CARACAS,CHOQUE,CON HERIDOS
47,93.35901926444834,4.626,-74.191,Prioridad 1 - Intervención prioritaria,Hotspot de severidad/fatalidad,Hotspot persistente con severidad media-alta,34,94,2.764705882352941,4,8,22,4,BOSA,ESCOCIA,SIN_NMG,ATROPELLO,CON HERIDOS
48,93.34384121424402,4.638,-74.155,Prioridad 1 - Intervención prioritaria,Hotspot de severidad/fatalidad,Hotspot persistente con severidad media-alta,78,166,2.128205128205128,4,40,32,6,KENNEDY,CIUDAD TECHO II,AVENIDA MANUEL CEPEDA VARGAS,CHOQUE,SOLO DANOS
49,93.33391710449504,4.624,-74.164,Prioridad 1 - Intervención prioritaria,Hotspot preventivo prioritario,Hotspot persistente con severidad media-alta,46,122,2.652173913043478,4,10,34,2,KENNEDY,CHUCUA DE LA VACA II,SIN_NMG,CHOQUE,CON HERIDOS
50,93.32632807939288,4.6,-74.089,Prioridad 1 - Intervención prioritaria,Hotspot robusto integral,Hotspot persistente con severidad media-alta,110,222,2.018181818181818,4,58,48,4,LOS MARTIRES,LA ESTANZUELA,AVENIDA DE LOS COMUNEROS,CHOQUE,SOLO DANOS
