lat_grid,lon_grid,rank_IPI_base,IPI_base,cantidad_siniestros_base,siniestros_con_muertos_base,criticidad_total_base,familia_analitica_base,localidad_modal_base,rank_IPI_rec,IPI_rec,cantidad_siniestros_rec,siniestros_con_muertos_rec,criticidad_total_rec,familia_analitica_rec,localidad_modal_rec,en_top50_base,en_top200_base,en_top500_base,en_top200_rec,en_top500_rec,categoria_persistencia,sensible_fatalidad,n_siniestros_zona,condicion_predominante,pct_conductor,pct_motociclista,pct_pasajero,pct_peaton,pct_ciclista,cobertura_actor_pct,hhi_actor,vehiculo_predominante,pct_automovil,pct_motocicleta,pct_camioneta,pct_bus,pct_bicicleta,cobertura_vehiculo_pct,hhi_vehiculo,causa_top1,causa_top1_pct,causa_top2,causa_top2_pct,causa_top3,causa_top3_pct,cobertura_causa_pct,hhi_causa,rank_IPI_rec_top200,IPI_rec_top200,familia_top200,tipo_intervencion
4.603,-74.162,3443.0,71.95388207822533,16.0,0.0,40.0,Seguimiento,BOSA,1.0,97.33919654170084,13.0,4.0,43.0,Hotspot robusto integral,BOSA,False,False,False,True,True,Emergente,True,13.0,CONDUCTOR,61.3,9.7,16.1,9.7,3.2,100.0,4214.4,AUTOMOVIL,36.4,27.3,4.5,4.5,4.5,92.3,2396.7,NO MANTENER DISTANCIA DE SEGURIDAD,22.7,FALTA DE SEÑALES EN VEHICULO VARADO,13.6,EXCESO DE VELOCIDAD,13.6,92.3,1487.6,1.0,97.33919654170084,Hotspot robusto integral,VELOCIDAD/DISTANCIA
4.621,-74.165,7292.0,55.79392877991827,12.0,0.0,12.0,Seguimiento,KENNEDY,3.0,96.87187895952896,12.0,3.0,38.0,Hotspot robusto integral,KENNEDY,False,False,False,True,True,Emergente,True,12.0,CONDUCTOR,53.6,17.9,3.6,21.4,3.6,100.0,3673.5,MOTOCICLETA,35.0,40.0,5.0,5.0,10.0,100.0,3000.0,TRANSITAR ENTRE VEHICULOS,28.6,OTRA,28.6,OTRAS,14.3,83.3,2142.9,3.0,96.87187895952896,Hotspot robusto integral,MANIOBRA_PELIGROSA
4.555,-74.12,4212.0,69.32632807939288,6.0,2.0,18.0,Seguimiento,RAFAEL URIBE URIBE,4.0,96.39487217708876,22.0,2.0,66.0,Hotspot robusto integral,RAFAEL URIBE URIBE,False,False,False,True,True,Emergente,True,22.0,CONDUCTOR,55.1,16.3,10.2,10.2,8.2,100.0,3577.7,MOTOCICLETA,17.9,30.8,17.9,17.9,12.8,100.0,2084.2,DESOBEDECER SEÑALES,50.0,OTRA,22.2,EMBRIAGUEZ APARENTE,11.1,100.0,3209.9,4.0,96.39487217708876,Hotspot robusto integral,CONTROL_SEMAFÓRICO
4.591,-74.137,5908.0,61.956800934033865,18.0,0.0,26.0,Seguimiento,TUNJUELITO,5.0,96.32704777521056,11.0,2.0,37.0,Hotspot robusto integral,TUNJUELITO,False,False,False,True,True,Emergente,True,11.0,CONDUCTOR,63.6,22.7,0.0,4.5,9.1,100.0,4669.4,MOTOCICLETA,19.0,47.6,9.5,0.0,19.0,100.0,3106.6,DESOBEDECER SEÑALES,54.2,OTRA,25.0,TRANSITAR UNO AL LADO DEL OTRO,12.5,100.0,3784.7,5.0,96.32704777521056,Hotspot robusto integral,CONTROL_SEMAFÓRICO
4.597,-74.085,89.0,92.40980735551663,136.0,4.0,272.0,Hotspot robusto integral,LOS MARTIRES,14.0,94.5233658791086,46.0,2.0,116.0,Hotspot robusto integral,LOS MARTIRES,False,True,True,True,True,Persistente,True,46.0,CONDUCTOR,63.1,17.1,6.3,9.9,3.6,100.0,4420.9,MOTOCICLETA,33.0,34.1,9.1,9.1,6.8,97.8,2497.4,SEMÁFORO EN ROJO,32.1,OTRA,25.6,NO MANTENER DISTANCIA DE SEGURIDAD,14.1,95.7,1992.1,14.0,94.5233658791086,Hotspot robusto integral,CONTROL_SEMAFÓRICO
4.587,-74.086,2573.0,74.48686514886165,28.0,0.0,64.0,Seguimiento,SAN CRISTOBAL,17.0,94.34523365879107,22.0,4.0,60.0,Hotspot robusto integral,SAN CRISTOBAL,False,False,False,True,True,Emergente,True,22.0,CONDUCTOR,71.7,13.0,2.2,6.5,6.5,100.0,5406.4,AUTOMOVIL,42.9,26.2,0.0,11.9,11.9,100.0,2823.1,NO MANTENER DISTANCIA DE SEGURIDAD,48.4,OTRA,25.8,SEMÁFORO EN ROJO,16.1,90.9,3298.6,17.0,94.34523365879107,Hotspot robusto integral,VELOCIDAD/DISTANCIA
4.555,-74.138,176.0,91.0642148277875,138.0,6.0,258.0,Hotspot robusto integral,CIUDAD BOLIVAR,19.0,94.20138630096146,32.0,4.0,78.0,Hotspot robusto integral,CIUDAD BOLIVAR,False,True,True,True,True,Persistente,True,32.0,CONDUCTOR,75.0,13.9,5.6,2.8,2.8,100.0,5864.2,AUTOMOVIL,28.8,27.3,9.1,6.1,6.1,100.0,1974.3,NO MANTENER DISTANCIA DE SEGURIDAD,33.3,ADELANTAR CERRANDO,25.5,TRANSITAR ENTRE VEHICULOS,17.6,96.9,2241.4,19.0,94.20138630096146,Hotspot robusto integral,VELOCIDAD/DISTANCIA
4.546,-74.137,1942.0,76.49562171628722,90.0,0.0,138.0,Seguimiento,CIUDAD BOLIVAR,20.0,94.17828128493704,41.0,2.0,101.0,Hotspot robusto integral,CIUDAD BOLIVAR,False,False,False,True,True,Emergente,True,41.0,CONDUCTOR,65.6,13.3,13.3,7.8,0.0,100.0,4713.6,MOTOCICLETA,23.2,33.3,8.7,14.5,0.0,100.0,2052.1,ADELANTAR CERRANDO,22.1,OTRA,20.6,ADELANTAR POR LA DERECHA,13.2,92.7,1336.5,20.0,94.17828128493704,Hotspot robusto integral,VELOCIDAD/DISTANCIA
4.683,-74.098,620.0,86.83362521891421,34.0,4.0,62.0,Seguimiento,ENGATIVA,22.0,94.1082209137661,25.0,2.0,65.0,Hotspot robusto integral,ENGATIVA,False,False,False,True,True,Emergente,True,25.0,CONDUCTOR,73.3,22.2,0.0,0.0,4.4,100.0,5891.4,MOTOCICLETA,18.6,44.2,14.0,2.3,7.0,100.0,2612.2,HUECOS,35.1,OTRA,26.3,ADELANTAR CERRANDO,12.3,100.0,2237.6,22.0,94.1082209137661,Hotspot robusto integral,INFRAESTRUCTURA_VÍA
4.567,-74.094,612.0,86.89550496205489,28.0,2.0,56.0,Seguimiento,SAN CRISTOBAL,26.0,93.78251472013118,8.0,1.0,26.0,Hotspot robusto integral,SAN CRISTOBAL,False,False,False,True,True,Emergente,True,8.0,CONDUCTOR,47.1,29.4,5.9,17.6,0.0,100.0,3425.6,MOTOCICLETA,15.4,61.5,0.0,15.4,0.0,100.0,4319.5,DESOBEDECER SEÑALES,44.4,NO MANTENER DISTANCIA DE SEGURIDAD,33.3,CRUZAR EN ESTADO DE EMBRIAGUEZ,11.1,87.5,3333.3,26.0,93.78251472013118,Hotspot robusto integral,CONTROL_SEMAFÓRICO
4.73,-74.101,264.0,90.07297139521307,100.0,2.0,196.0,Hotspot preventivo prioritario,SUBA,28.0,93.66400834761868,29.0,2.0,69.0,Hotspot robusto integral,SUBA,False,False,True,True,True,Emergente,True,29.0,CONDUCTOR,64.6,16.9,12.3,1.5,4.6,100.0,4636.7,MOTOCICLETA,21.4,26.8,5.4,10.7,8.9,100.0,1556.1,SEMÁFORO EN ROJO,27.5,DESOBEDECER SEÑALES,19.6,NO UTILIZAR - GIRAR BRUSCAMENTE,15.7,100.0,1695.5,28.0,93.66400834761868,Hotspot robusto integral,CONTROL_SEMAFÓRICO
4.625,-74.152,,,,,,,,29.0,93.65133785496012,7.0,2.0,25.0,Hotspot robusto integral,KENNEDY,False,False,False,True,True,Emergente,True,7.0,CONDUCTOR,37.5,18.8,12.5,25.0,6.2,100.0,2578.1,MOTOCICLETA,10.0,60.0,20.0,0.0,10.0,100.0,4200.0,NO MANTENER DISTANCIA DE SEGURIDAD,66.7,OTRAS,33.3,,,71.4,5555.6,29.0,93.65133785496012,Hotspot robusto integral,VELOCIDAD/DISTANCIA
4.57,-74.095,1066.0,81.92119089316986,58.0,0.0,126.0,Seguimiento,SAN CRISTOBAL,32.0,93.57456957591114,27.0,1.0,69.0,Hotspot robusto integral,SAN CRISTOBAL,False,False,False,True,True,Emergente,True,27.0,CONDUCTOR,62.2,13.5,21.6,2.7,0.0,100.0,4521.5,AUTOMOVIL,46.3,27.8,13.0,5.6,0.0,100.0,3134.4,DESOBEDECER SEÑALES,63.6,OTRA,11.4,OTRAS,9.1,100.0,4359.5,32.0,93.57456957591114,Hotspot robusto integral,CONTROL_SEMAFÓRICO
4.551,-74.137,834.0,85.10332749562173,32.0,4.0,68.0,Seguimiento,CIUDAD BOLIVAR,34.0,93.42401431020348,25.0,1.0,63.0,Hotspot robusto integral,CIUDAD BOLIVAR,False,False,False,True,True,Emergente,True,25.0,CONDUCTOR,69.2,15.4,7.7,3.8,3.8,100.0,5118.3,AUTOMOVIL,33.3,31.0,4.8,7.1,9.5,100.0,2437.6,NO MANTENER DISTANCIA DE SEGURIDAD,31.7,OTRA,17.1,ADELANTAR CERRANDO,9.8,96.0,1659.7,34.0,93.42401431020348,Hotspot robusto integral,VELOCIDAD/DISTANCIA
4.608,-74.141,208.0,90.7227086981903,74.0,8.0,146.0,Hotspot preventivo prioritario,KENNEDY,35.0,93.4173064023254,19.0,2.0,49.0,Hotspot robusto integral,KENNEDY,False,False,True,True,True,Emergente,True,19.0,CONDUCTOR,64.1,23.1,7.7,5.1,0.0,100.0,4727.2,MOTOCICLETA,14.7,50.0,11.8,5.9,0.0,100.0,2993.1,ADELANTAR CERRANDO,27.3,OTRA,12.1,SUPERFICIE LISA,12.1,94.7,1423.3,35.0,93.4173064023254,Hotspot robusto integral,VELOCIDAD/DISTANCIA
4.617,-74.186,13690.0,32.75072971395213,4.0,0.0,4.0,Seguimiento,BOSA,36.0,93.38004024744728,10.0,2.0,30.0,Hotspot robusto integral,BOSA,False,False,False,True,True,Emergente,True,10.0,CONDUCTOR,52.2,21.7,4.3,13.0,8.7,100.0,3459.4,MOTOCICLETA,15.8,36.8,0.0,0.0,15.8,100.0,2410.0,NO MANTENER DISTANCIA DE SEGURIDAD,27.8,ARRANCAR SIN PRECAUCION,16.7,OTRA,16.7,100.0,1913.6,36.0,93.38004024744728,Hotspot robusto integral,VELOCIDAD/DISTANCIA
4.7,-74.132,3968.0,69.75831873905429,16.0,0.0,28.0,Seguimiento,ENGATIVA,36.0,93.38004024744728,10.0,2.0,30.0,Hotspot robusto integral,FONTIBON,False,False,False,True,True,Emergente,True,10.0,CONDUCTOR,66.7,14.8,11.1,3.7,3.7,100.0,4814.8,AUTOMOVIL,34.8,30.4,8.7,4.3,4.3,100.0,2400.8,NO MANTENER DISTANCIA DE SEGURIDAD,60.0,ADELANTAR POR LA DERECHA,12.0,OTRA,12.0,100.0,3984.0,36.0,93.38004024744728,Hotspot robusto integral,VELOCIDAD/DISTANCIA
4.562,-74.144,2959.0,73.2784588441331,12.0,0.0,28.0,Seguimiento,CIUDAD BOLIVAR,38.0,93.3330848923008,7.0,2.0,23.0,Hotspot robusto integral,CIUDAD BOLIVAR,False,False,False,True,True,Emergente,True,7.0,CONDUCTOR,50.0,25.0,25.0,0.0,0.0,100.0,3750.0,MOTOCICLETA,8.3,41.7,16.7,16.7,0.0,100.0,2638.9,DESOBEDECER SEÑALES,55.6,FRENAR BRUSCAMENTE,33.3,TRANSITAR EN CONTRAVIA,11.1,100.0,4321.0,38.0,93.3330848923008,Hotspot robusto integral,CONTROL_SEMAFÓRICO
4.717,-74.093,182.0,90.99182720373614,208.0,6.0,380.0,Hotspot robusto integral,SUBA,40.0,93.3092345531788,70.0,4.0,154.0,Hotspot robusto integral,SUBA,False,True,True,True,True,Persistente,True,70.0,CONDUCTOR,67.8,13.8,5.3,6.6,6.6,100.0,4897.0,MOTOCICLETA,23.1,26.9,13.4,9.0,13.4,100.0,1772.1,NO MANTENER DISTANCIA DE SEGURIDAD,24.4,OTRA,18.5,ADELANTAR CERRANDO,16.8,95.7,1407.4,40.0,93.3092345531788,Hotspot robusto integral,VELOCIDAD/DISTANCIA
4.647,-74.065,13.0,94.43724460011676,222.0,8.0,482.0,Hotspot robusto integral,CHAPINERO,41.0,93.2771856599836,27.0,1.0,67.0,Hotspot robusto integral,CHAPINERO,True,True,True,True,True,Persistente,True,27.0,CONDUCTOR,67.9,17.9,0.0,5.4,8.9,100.0,5031.9,AUTOMOVIL,35.8,26.4,7.5,3.8,15.1,100.0,2353.2,SEMÁFORO EN ROJO,54.1,DESOBEDECER SEÑALES,9.8,OTRA,8.2,100.0,3216.9,41.0,93.2771856599836,Hotspot robusto integral,CONTROL_SEMAFÓRICO
4.606,-74.119,1445.0,78.7098657326328,30.0,0.0,62.0,Seguimiento,PUENTE ARANDA,42.0,93.16836848773944,15.0,2.0,43.0,Hotspot robusto integral,PUENTE ARANDA,False,False,False,True,True,Emergente,True,15.0,CONDUCTOR,57.5,12.5,20.0,5.0,5.0,100.0,3912.5,MOTOCICLETA,14.3,28.6,17.9,0.0,10.7,100.0,1632.7,TRANSITAR ENTRE VEHICULOS,20.0,ADELANTAR CERRANDO,20.0,NO MANTENER DISTANCIA DE SEGURIDAD,20.0,93.3,1600.0,42.0,93.16836848773944,Hotspot robusto integral,MANIOBRA_PELIGROSA
4.676,-74.122,691.0,86.29655575014594,42.0,2.0,74.0,Seguimiento,FONTIBON,47.0,92.99545352910486,6.0,3.0,24.0,Hotspot robusto integral,FONTIBON,False,False,False,True,True,Emergente,True,6.0,CONDUCTOR,68.8,12.5,6.2,6.2,6.2,100.0,5000.0,AUTOMOVIL,50.0,21.4,0.0,14.3,14.3,100.0,3367.3,ADELANTAR CERRANDO,37.5,OTRA,37.5,NO MANTENER DISTANCIA DE SEGURIDAD,25.0,83.3,3437.5,47.0,92.99545352910486,Hotspot robusto integral,VELOCIDAD/DISTANCIA
4.544,-74.121,27.0,93.97139521307648,120.0,12.0,256.0,Hotspot robusto integral,USME,48.0,92.94700752776328,37.0,2.0,83.0,Hotspot robusto integral,USME,True,True,True,True,True,Persistente,True,37.0,CONDUCTOR,65.6,16.1,16.1,0.0,2.2,100.0,4827.1,MOTOCICLETA,24.7,31.2,7.8,24.7,2.6,100.0,2298.9,ADELANTAR CERRANDO,25.0,NO MANTENER DISTANCIA DE SEGURIDAD,23.3,OTRA,21.7,100.0,1750.0,48.0,92.94700752776328,Hotspot robusto integral,VELOCIDAD/DISTANCIA
4.638,-74.172,206.0,90.76123759486283,50.0,2.0,102.0,Hotspot preventivo prioritario,KENNEDY,49.0,92.90377878810465,24.0,1.0,58.0,Hotspot robusto integral,KENNEDY,False,False,True,True,True,Emergente,True,24.0,CONDUCTOR,55.2,8.6,15.5,10.3,10.3,100.0,3573.1,AUTOMOVIL,32.5,20.0,5.0,5.0,20.0,91.7,2087.5,SEMÁFORO EN ROJO,18.2,ADELANTAR CERRANDO,13.6,OTRA,13.6,100.0,1095.0,49.0,92.90377878810465,Hotspot robusto integral,CONTROL_SEMAFÓRICO
4.553,-74.139,297.0,89.7221249270286,22.0,2.0,58.0,Hotspot preventivo prioritario,CIUDAD BOLIVAR,50.0,92.84489826339716,10.0,1.0,30.0,Hotspot robusto integral,CIUDAD BOLIVAR,False,False,True,True,True,Emergente,True,10.0,CONDUCTOR,56.5,21.7,17.4,4.3,0.0,100.0,3988.7,AUTOMOVIL,44.4,33.3,22.2,0.0,0.0,100.0,3580.2,DESOBEDECER SEÑALES,47.1,EMBRIAGUEZ APARENTE,17.6,OTRA,17.6,100.0,2941.2,50.0,92.84489826339716,Hotspot robusto integral,CONTROL_SEMAFÓRICO
4.579,-74.143,481.0,88.13018096906013,48.0,2.0,92.0,Hotspot preventivo prioritario,TUNJUELITO,51.0,92.7904896772751,19.0,2.0,45.0,Hotspot robusto integral,TUNJUELITO,False,False,True,True,True,Emergente,True,19.0,CONDUCTOR,71.4,9.5,9.5,2.4,7.1,100.0,5340.1,AUTOMOVIL,37.8,21.6,5.4,8.1,10.8,100.0,2198.7,ADELANTAR CERRANDO,25.8,DESOBEDECER SEÑALES,19.4,HUECOS,12.9,100.0,1550.5,51.0,92.7904896772751,Hotspot robusto integral,VELOCIDAD/DISTANCIA
4.628,-74.113,3396.0,72.0507880910683,28.0,0.0,44.0,Seguimiento,PUENTE ARANDA,53.0,92.72266527539688,9.0,2.0,27.0,Hotspot robusto integral,PUENTE ARANDA,False,False,False,True,True,Emergente,True,9.0,CONDUCTOR,65.0,15.0,10.0,5.0,5.0,100.0,4600.0,AUTOMOVIL,35.3,29.4,23.5,0.0,11.8,100.0,2802.8,ADELANTAR CERRANDO,42.9,NO MANTENER DISTANCIA DE SEGURIDAD,21.4,OTRA,21.4,88.9,2959.2,53.0,92.72266527539688,Hotspot robusto integral,VELOCIDAD/DISTANCIA
4.588,-74.145,353.0,89.1745475773497,72.0,2.0,136.0,Hotspot preventivo prioritario,TUNJUELITO,54.0,92.71893865990909,23.0,5.0,53.0,Hotspot robusto integral,TUNJUELITO,False,False,True,True,True,Emergente,True,23.0,CONDUCTOR,66.1,14.3,12.5,0.0,7.1,100.0,4776.8,AUTOMOVIL,41.3,19.6,4.3,13.0,10.9,100.0,2457.5,NO MANTENER DISTANCIA DE SEGURIDAD,40.5,OTRA,24.3,ADELANTAR CERRANDO,13.5,100.0,2607.7,54.0,92.71893865990909,Hotspot robusto integral,VELOCIDAD/DISTANCIA
4.702,-74.108,152.0,91.40980735551663,44.0,2.0,100.0,Hotspot preventivo prioritario,ENGATIVA,55.0,92.712230752031,14.0,2.0,38.0,Hotspot robusto integral,ENGATIVA,False,True,True,True,True,Persistente,True,14.0,CONDUCTOR,67.7,9.7,9.7,9.7,3.2,100.0,4880.3,AUTOMOVIL,52.0,16.0,8.0,4.0,8.0,100.0,3184.0,DESOBEDECER SEÑALES,78.9,OTRA,15.8,CRUZAR SIN OBSERVAR,5.3,100.0,6509.7,55.0,92.712230752031,Hotspot robusto integral,CONTROL_SEMAFÓRICO
4.597,-74.175,471.0,88.1652072387624,84.0,2.0,144.0,Hotspot preventivo prioritario,BOSA,58.0,92.64366102705522,53.0,4.0,107.0,Hotspot robusto integral,BOSA,False,False,True,True,True,Emergente,True,53.0,CONDUCTOR,75.0,12.5,5.8,0.0,6.7,100.0,5859.7,AUTOMOVIL,27.9,20.7,9.0,9.9,9.0,100.0,1598.1,NO MANTENER DISTANCIA DE SEGURIDAD,30.2,OTRA,17.4,ADELANTAR CERRANDO,16.3,100.0,1679.3,58.0,92.64366102705522,Hotspot robusto integral,VELOCIDAD/DISTANCIA
4.616,-74.137,263.0,90.07997664915352,150.0,2.0,282.0,Hotspot de carga acumulada,KENNEDY,60.0,92.5326078855184,19.0,1.0,47.0,Hotspot robusto integral,KENNEDY,False,False,True,True,True,Emergente,True,19.0,CONDUCTOR,51.4,29.7,10.8,8.1,0.0,100.0,3703.4,MOTOCICLETA,20.7,48.3,10.3,10.3,0.0,100.0,3032.1,NO MANTENER DISTANCIA DE SEGURIDAD,42.9,HUECOS,23.8,ADELANTAR CERRANDO,9.5,89.5,2653.1,60.0,92.5326078855184,Hotspot robusto integral,VELOCIDAD/DISTANCIA
4.671,-74.107,580.0,87.28312901342674,284.0,2.0,436.0,Hotspot de carga acumulada,ENGATIVA,62.0,92.52366400834762,74.0,2.0,150.0,Hotspot robusto integral,ENGATIVA,False,False,False,True,True,Emergente,True,74.0,CONDUCTOR,74.3,7.2,7.2,7.2,4.2,100.0,5685.8,AUTOMOVIL,38.7,10.9,18.2,8.8,8.0,97.3,2143.4,NO MANTENER DISTANCIA DE SEGURIDAD,24.6,OTRA,23.8,SEMÁFORO EN ROJO,16.9,98.6,1600.0,62.0,92.52366400834762,Hotspot robusto integral,VELOCIDAD/DISTANCIA
4.636,-74.153,1077.0,81.79392877991828,62.0,0.0,130.0,Seguimiento,KENNEDY,64.0,92.49832302303048,36.0,1.0,82.0,Hotspot robusto integral,KENNEDY,False,False,False,True,True,Emergente,True,36.0,CONDUCTOR,58.4,14.6,11.2,7.9,7.9,100.0,3877.0,AUTOMOVIL,25.7,21.4,11.4,14.3,10.0,100.0,1636.7,SEMÁFORO EN ROJO,32.8,NO MANTENER DISTANCIA DE SEGURIDAD,25.0,OTRA,21.9,100.0,2241.2,64.0,92.49832302303048,Hotspot robusto integral,CONTROL_SEMAFÓRICO
4.596,-74.11,374.0,88.95096322241682,60.0,2.0,116.0,Hotspot preventivo prioritario,ANTONIO NARIÑO,66.0,92.47372736081093,23.0,3.0,51.0,Hotspot robusto integral,ANTONIO NARIÑO,False,False,True,True,True,Emergente,True,23.0,CONDUCTOR,83.0,12.8,0.0,0.0,4.3,100.0,7066.5,AUTOMOVIL,36.2,19.1,10.6,6.4,8.5,100.0,2050.7,NO MANTENER DISTANCIA DE SEGURIDAD,24.3,ADELANTAR CERRANDO,21.6,OTRA,16.2,100.0,1628.9,66.0,92.47372736081093,Hotspot robusto integral,VELOCIDAD/DISTANCIA
4.698,-74.055,9315.0,48.594862813777,8.0,0.0,12.0,Seguimiento,USAQUEN,66.0,92.47372736081093,16.0,4.0,38.0,Hotspot robusto integral,USAQUEN,False,False,False,True,True,Emergente,True,16.0,CONDUCTOR,70.3,16.2,13.5,0.0,0.0,100.0,5383.5,AUTOMOVIL,34.4,21.9,15.6,3.1,0.0,100.0,2168.0,NO MANTENER DISTANCIA DE SEGURIDAD,52.9,OTRA,23.5,ADELANTAR CERRANDO,11.8,100.0,3564.0,66.0,92.47372736081093,Hotspot robusto integral,VELOCIDAD/DISTANCIA
4.634,-74.151,1354.0,79.36193812025685,32.0,0.0,68.0,Seguimiento,KENNEDY,68.0,92.46552880673772,23.0,2.0,53.0,Hotspot robusto integral,KENNEDY,False,False,False,True,True,Emergente,True,23.0,CONDUCTOR,69.4,6.1,6.1,8.2,10.2,100.0,5060.4,CAMIONETA,17.9,12.8,33.3,12.8,17.9,100.0,2110.5,NO MANTENER DISTANCIA DE SEGURIDAD,29.0,OTRA,25.8,NO RESPETAR PRELACIÓN,12.9,91.3,1841.8,68.0,92.46552880673772,Hotspot robusto integral,VELOCIDAD/DISTANCIA
4.581,-74.103,1805.0,76.94512551079977,18.0,0.0,42.0,Seguimiento,RAFAEL URIBE URIBE,69.0,92.4558396064694,20.0,1.0,48.0,Hotspot robusto integral,RAFAEL URIBE URIBE,False,False,False,True,True,Emergente,True,20.0,CONDUCTOR,58.8,5.9,21.6,9.8,3.9,100.0,4071.5,BUS,26.5,11.8,2.9,32.4,11.8,100.0,2145.3,NO MANTENER DISTANCIA DE SEGURIDAD,18.2,FRENAR BRUSCAMENTE,18.2,OTRA,12.1,100.0,1202.9,69.0,92.4558396064694,Hotspot robusto integral,VELOCIDAD/DISTANCIA
4.545,-74.136,1088.0,81.62405137186222,58.0,0.0,122.0,Seguimiento,CIUDAD BOLIVAR,72.0,92.43646120593276,30.0,3.0,64.0,Hotspot robusto integral,CIUDAD BOLIVAR,False,False,False,True,True,Emergente,True,30.0,CONDUCTOR,77.9,10.3,8.8,1.5,1.5,100.0,6263.0,AUTOMOVIL,24.6,18.0,11.5,11.5,3.3,100.0,1470.0,NO MANTENER DISTANCIA DE SEGURIDAD,34.0,OTRA,24.0,TRANSITAR ENTRE VEHICULOS,12.0,100.0,2032.0,72.0,92.43646120593276,Hotspot robusto integral,VELOCIDAD/DISTANCIA
4.57,-74.148,81.0,92.52948044366607,46.0,2.0,110.0,Hotspot preventivo prioritario,CIUDAD BOLIVAR,74.0,92.3500037266155,14.0,1.0,40.0,Hotspot robusto integral,CIUDAD BOLIVAR,False,True,True,True,True,Persistente,True,14.0,PASAJERO,29.2,12.3,55.4,1.5,1.5,100.0,4078.1,MOTOCICLETA,33.3,37.0,7.4,11.1,3.7,100.0,2729.8,NO MANTENER DISTANCIA DE SEGURIDAD,45.0,NO RESPETAR PRELACIÓN,15.0,ADELANTAR CERRANDO,15.0,100.0,2700.0,74.0,92.3500037266155,Hotspot robusto integral,VELOCIDAD/DISTANCIA
4.68,-74.133,4811.0,66.44775248102744,42.0,0.0,54.0,Seguimiento,FONTIBON,78.0,92.24118655437132,15.0,2.0,37.0,Hotspot robusto integral,FONTIBON,False,False,False,True,True,Emergente,True,15.0,CONDUCTOR,62.5,15.6,3.1,9.4,9.4,100.0,4335.9,AUTOMOVIL,50.0,17.9,7.1,3.6,14.3,100.0,3137.8,NO MANTENER DISTANCIA DE SEGURIDAD,23.8,OTRA,14.3,SEMÁFORO EN ROJO,9.5,93.3,1156.5,78.0,92.24118655437132,Hotspot robusto integral,VELOCIDAD/DISTANCIA
4.669,-74.128,700.0,86.24226503210743,188.0,2.0,272.0,Hotspot de carga acumulada,FONTIBON,79.0,92.1495118133711,28.0,3.0,58.0,Hotspot robusto integral,FONTIBON,False,False,False,True,True,Emergente,True,28.0,CONDUCTOR,81.4,10.2,0.0,3.4,5.1,100.0,6759.6,AUTOMOVIL,40.4,14.0,14.0,7.0,8.8,100.0,2213.0,NO MANTENER DISTANCIA DE SEGURIDAD,46.9,OTRA,14.3,HUECOS,10.2,100.0,2669.7,79.0,92.1495118133711,Hotspot robusto integral,VELOCIDAD/DISTANCIA
4.627,-74.106,539.0,87.69118505545826,170.0,2.0,278.0,Hotspot de carga acumulada,PUENTE ARANDA,81.0,92.12491615115152,35.0,2.0,71.0,Hotspot robusto integral,PUENTE ARANDA,False,False,False,True,True,Emergente,True,35.0,CONDUCTOR,75.3,10.4,6.5,3.9,3.9,100.0,5854.3,AUTOMOVIL,27.5,21.7,14.5,2.9,7.2,100.0,1762.2,NO MANTENER DISTANCIA DE SEGURIDAD,39.0,OTRA,30.5,ADELANTAR CERRANDO,20.3,97.1,2915.8,81.0,92.12491615115152,Hotspot robusto integral,VELOCIDAD/DISTANCIA
4.621,-74.086,599.0,87.11091652072386,118.0,2.0,186.0,Seguimiento,LOS MARTIRES,85.0,92.01758962510247,30.0,2.0,62.0,Hotspot robusto integral,LOS MARTIRES,False,False,False,True,True,Emergente,True,30.0,CONDUCTOR,65.2,13.0,17.4,2.9,1.4,100.0,4736.4,AUTOMOVIL,43.6,27.3,10.9,0.0,3.6,100.0,2839.7,NO MANTENER DISTANCIA DE SEGURIDAD,34.0,OTRA,30.0,ADELANTAR CERRANDO,20.0,100.0,2560.0,85.0,92.01758962510247,Hotspot robusto integral,VELOCIDAD/DISTANCIA
4.581,-74.155,202.0,90.80443666082896,38.0,2.0,86.0,Hotspot preventivo prioritario,CIUDAD BOLIVAR,87.0,92.01013639412686,17.0,1.0,41.0,Hotspot robusto integral,CIUDAD BOLIVAR,False,False,True,True,True,Emergente,True,17.0,CONDUCTOR,69.7,15.2,9.1,0.0,6.1,100.0,5206.6,AUTOMOVIL,30.0,23.3,6.7,20.0,10.0,100.0,2044.4,SEMÁFORO EN ROJO,22.2,NO MANTENER DISTANCIA DE SEGURIDAD,18.5,HUECOS,18.5,100.0,1550.1,87.0,92.01013639412686,Hotspot robusto integral,CONTROL_SEMAFÓRICO
4.615,-74.163,159.0,91.30823117338004,142.0,8.0,270.0,Hotspot robusto integral,KENNEDY,88.0,91.9989565476634,51.0,1.0,107.0,Hotspot robusto integral,KENNEDY,False,True,True,True,True,Persistente,True,51.0,CONDUCTOR,68.6,12.4,3.8,2.9,12.4,100.0,5031.3,AUTOMOVIL,22.1,17.9,14.7,7.4,17.9,100.0,1497.0,NO MANTENER DISTANCIA DE SEGURIDAD,25.0,OTRA,21.4,ADELANTAR CERRANDO,14.3,98.0,1527.8,88.0,91.9989565476634,Hotspot robusto integral,VELOCIDAD/DISTANCIA
4.618,-74.139,272.0,90.0128429655575,90.0,6.0,162.0,Hotspot preventivo prioritario,KENNEDY,89.0,91.93113214578518,28.0,2.0,58.0,Hotspot robusto integral,KENNEDY,False,False,True,True,True,Emergente,True,28.0,CONDUCTOR,79.3,5.2,3.4,5.2,6.9,100.0,6403.1,CAMIONETA,18.0,12.0,28.0,10.0,16.0,89.3,1696.0,NO MANTENER DISTANCIA DE SEGURIDAD,20.8,ADELANTAR CERRANDO,16.7,PONER EN MARCHA UN VEHICULO SIN PRECAUCIONES,12.5,96.4,1258.7,89.0,91.93113214578518,Hotspot robusto integral,VELOCIDAD/DISTANCIA
4.582,-74.09,78.0,92.61704611792176,64.0,2.0,148.0,Hotspot preventivo prioritario,SAN CRISTOBAL,91.0,91.91175374524856,35.0,1.0,75.0,Hotspot robusto integral,SAN CRISTOBAL,False,True,True,True,True,Persistente,True,35.0,CONDUCTOR,60.2,12.5,22.7,4.5,0.0,100.0,4320.8,AUTOMOVIL,43.8,20.3,7.8,20.3,0.0,100.0,2817.4,NO MANTENER DISTANCIA DE SEGURIDAD,32.1,OTRA,32.1,SEMÁFORO EN ROJO,13.2,94.3,2310.4,91.0,91.91175374524856,Hotspot robusto integral,VELOCIDAD/DISTANCIA
4.69,-74.101,3984.0,69.75831873905429,16.0,0.0,28.0,Seguimiento,ENGATIVA,92.0,91.88939405232168,13.0,2.0,33.0,Hotspot robusto integral,ENGATIVA,False,False,False,True,True,Emergente,True,13.0,CONDUCTOR,75.0,7.1,3.6,3.6,10.7,100.0,5816.3,AUTOMOVIL,45.8,12.5,12.5,4.2,16.7,100.0,2777.8,DESOBEDECER SEÑALES,44.4,OTRA,22.2,TRANSITAR ENTRE VEHICULOS,16.7,100.0,2901.2,92.0,91.88939405232168,Hotspot robusto integral,CONTROL_SEMAFÓRICO
4.567,-74.126,139.0,91.66841798015176,60.0,2.0,128.0,Hotspot preventivo prioritario,RAFAEL URIBE URIBE,94.0,91.78504881866289,14.0,1.0,36.0,Hotspot robusto integral,RAFAEL URIBE URIBE,False,True,True,True,True,Persistente,True,14.0,CONDUCTOR,65.6,21.9,9.4,0.0,3.1,100.0,4882.8,MOTOCICLETA,24.1,31.0,3.4,20.7,3.4,100.0,2104.6,ADELANTAR CERRANDO,31.8,ADELANTAR POR LA DERECHA,18.2,EMBRIAGUEZ APARENTE,13.6,100.0,1735.5,94.0,91.78504881866289,Hotspot robusto integral,VELOCIDAD/DISTANCIA
4.606,-74.126,18.0,94.1249270286048,56.0,4.0,136.0,Hotspot de severidad/fatalidad,PUENTE ARANDA,98.0,91.77163300290675,39.0,1.0,81.0,Hotspot robusto integral,PUENTE ARANDA,True,True,True,True,True,Persistente,True,39.0,CONDUCTOR,74.4,8.9,12.2,2.2,2.2,100.0,5780.2,AUTOMOVIL,36.4,14.3,22.1,13.0,3.9,100.0,2265.1,ADELANTAR CERRANDO,36.5,NO MANTENER DISTANCIA DE SEGURIDAD,23.8,OTRA,19.0,97.4,2391.0,98.0,91.77163300290675,Hotspot robusto integral,VELOCIDAD/DISTANCIA
4.633,-74.165,1199.0,80.3666082895505,60.0,0.0,120.0,Seguimiento,KENNEDY,99.0,91.76492509502869,22.0,1.0,50.0,Hotspot robusto integral,KENNEDY,False,False,False,True,True,Emergente,True,22.0,CONDUCTOR,65.3,12.2,4.1,12.2,6.1,100.0,4618.9,BUS,19.5,22.0,2.4,24.4,12.2,100.0,1814.4,NO MANTENER DISTANCIA DE SEGURIDAD,33.3,ADELANTAR CERRANDO,13.3,TRANSITAR EN CONTRAVIA,10.0,95.5,1733.3,99.0,91.76492509502869,Hotspot robusto integral,VELOCIDAD/DISTANCIA
4.619,-74.143,16.0,94.24868651488616,60.0,4.0,144.0,Hotspot de severidad/fatalidad,KENNEDY,102.0,91.69635537005291,16.0,1.0,38.0,Hotspot robusto integral,KENNEDY,True,True,True,True,True,Persistente,True,16.0,CONDUCTOR,59.5,11.9,23.8,4.8,0.0,100.0,4274.4,AUTOMOVIL,36.7,23.3,6.7,16.7,0.0,100.0,2333.3,NO MANTENER DISTANCIA DE SEGURIDAD,29.6,OTRA,25.9,SEMÁFORO EN ROJO,22.2,100.0,2290.8,102.0,91.69635537005291,Hotspot robusto integral,VELOCIDAD/DISTANCIA
4.591,-74.084,1480.0,78.34734384121424,58.0,0.0,106.0,Seguimiento,SANTA FE,104.0,91.62107773719906,17.0,2.0,39.0,Hotspot robusto integral,SANTA FE,False,False,False,True,True,Emergente,True,17.0,CONDUCTOR,67.6,5.9,0.0,26.5,0.0,100.0,5311.4,AUTOMOVIL,56.0,8.0,20.0,16.0,0.0,100.0,3856.0,NO MANTENER DISTANCIA DE SEGURIDAD,27.3,SEMÁFORO EN ROJO,27.3,REVERSO IMPRUDENTE,13.6,82.4,1818.2,104.0,91.62107773719906,Hotspot robusto integral,VELOCIDAD/DISTANCIA
4.641,-74.123,706.0,86.17279626386456,244.0,2.0,344.0,Hotspot de carga acumulada,FONTIBON,105.0,91.61958709100396,31.0,1.0,65.0,Hotspot robusto integral,FONTIBON,False,False,False,True,True,Emergente,True,31.0,CONDUCTOR,69.7,12.1,6.1,6.1,6.1,100.0,5114.8,AUTOMOVIL,32.8,24.1,8.6,3.4,12.1,100.0,1997.6,SEMÁFORO EN ROJO,34.5,ADELANTAR CERRANDO,12.1,NO MANTENER DISTANCIA DE SEGURIDAD,10.3,100.0,1682.5,105.0,91.61958709100396,Hotspot robusto integral,CONTROL_SEMAFÓRICO
4.64,-74.074,1935.0,76.59311150029188,40.0,0.0,72.0,Seguimiento,TEUSAQUILLO,109.0,91.52791235000372,6.0,1.0,20.0,Hotspot robusto integral,TEUSAQUILLO,False,False,False,True,True,Emergente,True,6.0,CONDUCTOR,42.9,9.5,42.9,0.0,4.8,100.0,3786.8,AUTOMOVIL,41.7,16.7,16.7,8.3,16.7,100.0,2638.9,DESOBEDECER SEÑALES,44.4,SEMÁFORO EN ROJO,22.2,NO MANTENER DISTANCIA DE SEGURIDAD,11.1,100.0,2839.5,109.0,91.52791235000372,Hotspot robusto integral,CONTROL_SEMAFÓRICO
4.603,-74.191,3305.0,72.1908931698774,12.0,0.0,36.0,Seguimiento,BOSA,109.0,91.52791235000372,6.0,1.0,20.0,Hotspot robusto integral,BOSA,False,False,False,True,True,Emergente,True,6.0,CONDUCTOR,58.3,16.7,0.0,8.3,16.7,100.0,4027.8,AUTOMOVIL,36.4,27.3,0.0,9.1,27.3,100.0,2892.6,SEMÁFORO EN ROJO,85.7,SUBIRSE AL ANDEN O VIAS PEATONALES,7.1,ADELANTAR CERRANDO,7.1,100.0,7449.0,109.0,91.52791235000372,Hotspot robusto integral,CONTROL_SEMAFÓRICO
4.604,-74.18,318.0,89.46117921774665,48.0,2.0,96.0,Hotspot preventivo prioritario,BOSA,112.0,91.50182604158904,15.0,2.0,35.0,Hotspot robusto integral,BOSA,False,False,True,True,True,Emergente,True,15.0,CONDUCTOR,75.0,7.5,15.0,0.0,2.5,100.0,5912.5,AUTOMOVIL,38.2,17.6,17.6,2.9,5.9,100.0,2301.0,NO MANTENER DISTANCIA DE SEGURIDAD,46.2,ADELANTAR CERRANDO,23.1,TRANSITAR ENTRE VEHICULOS,11.5,100.0,2988.2,112.0,91.50182604158904,Hotspot robusto integral,VELOCIDAD/DISTANCIA
4.643,-74.066,732.0,85.98423817863399,30.0,2.0,58.0,Seguimiento,CHAPINERO,112.0,91.50182604158904,15.0,2.0,35.0,Hotspot robusto integral,CHAPINERO,False,False,False,True,True,Emergente,True,15.0,CONDUCTOR,72.7,12.1,9.1,6.1,0.0,100.0,5555.6,AUTOMOVIL,39.3,21.4,7.1,14.3,0.0,100.0,2398.0,NO MANTENER DISTANCIA DE SEGURIDAD,45.0,OTRA,20.0,VEHICULO MAL ESTACIONADO,15.0,93.3,2800.0,112.0,91.50182604158904,Hotspot robusto integral,VELOCIDAD/DISTANCIA
4.595,-74.141,2430.0,74.92761237594863,52.0,0.0,80.0,Seguimiento,TUNJUELITO,115.0,91.48393828724753,21.0,3.0,43.0,Hotspot robusto integral,TUNJUELITO,False,False,False,True,True,Emergente,True,21.0,CONDUCTOR,61.2,12.2,10.2,12.2,4.1,100.0,4169.1,AUTOMOVIL,29.7,13.5,18.9,5.4,8.1,100.0,1702.0,EXCESO DE VELOCIDAD,17.6,DESOBEDECER SEÑALES,14.7,FRENAR BRUSCAMENTE,11.8,100.0,1159.2,115.0,91.48393828724753,Hotspot robusto integral,VELOCIDAD/DISTANCIA
4.566,-74.103,1147.0,80.99182720373612,46.0,0.0,98.0,Seguimiento,SAN CRISTOBAL,119.0,91.3542520682716,13.0,1.0,33.0,Hotspot robusto integral,RAFAEL URIBE URIBE,False,False,False,True,True,Emergente,True,13.0,CONDUCTOR,63.3,13.3,10.0,0.0,13.3,100.0,4466.7,AUTOMOVIL,37.0,18.5,3.7,22.2,18.5,100.0,2565.2,ADELANTAR CERRANDO,21.7,SEMÁFORO EN ROJO,21.7,ADELANTAR INVADIENDO CARRIL DEL MISMO SENTIDO EN ZIG-ZAG,13.0,100.0,1531.2,119.0,91.3542520682716,Hotspot robusto integral,VELOCIDAD/DISTANCIA
4.563,-74.142,3729.0,70.2533566841798,10.0,0.0,22.0,Seguimiento,CIUDAD BOLIVAR,122.0,91.28940895878364,11.0,2.0,29.0,Hotspot robusto integral,CIUDAD BOLIVAR,False,False,False,True,True,Emergente,True,11.0,CONDUCTOR,68.2,13.6,9.1,9.1,0.0,81.8,5000.0,MOTOCICLETA,16.7,27.8,11.1,22.2,0.0,81.8,1913.6,ADELANTAR CERRANDO,18.8,OTRA,18.8,ADELANTAR INVADIENDO VIA,18.8,81.8,1640.6,122.0,91.28940895878364,Hotspot robusto integral,VELOCIDAD/DISTANCIA
4.637,-74.118,4406.0,68.23701109165208,24.0,0.0,32.0,Seguimiento,PUENTE ARANDA,123.0,91.28121040471044,20.0,2.0,42.0,Hotspot robusto integral,PUENTE ARANDA,False,False,False,True,True,Emergente,True,20.0,CONDUCTOR,75.0,13.6,11.4,0.0,0.0,100.0,5940.1,AUTOMOVIL,26.3,18.4,18.4,15.8,0.0,95.0,1828.3,NO MANTENER DISTANCIA DE SEGURIDAD,27.6,ADELANTAR CERRANDO,24.1,OTRA,20.7,100.0,2009.5,123.0,91.28121040471044,Hotspot robusto integral,VELOCIDAD/DISTANCIA
4.704,-74.134,1318.0,79.54640980735552,20.0,2.0,32.0,Seguimiento,ENGATIVA,124.0,91.258105388686,14.0,1.0,34.0,Hotspot robusto integral,ENGATIVA,False,False,False,True,True,Emergente,True,14.0,CONDUCTOR,71.0,3.2,12.9,6.5,6.5,100.0,5296.6,AUTOMOVIL,52.0,4.0,4.0,24.0,12.0,100.0,3472.0,DESOBEDECER SEÑALES,60.0,EMBRIAGUEZ O DROGA,10.0,OTRA,10.0,92.9,3900.0,124.0,91.258105388686,Hotspot robusto integral,CONTROL_SEMAFÓRICO
4.616,-74.093,394.0,88.78867483946294,72.0,2.0,132.0,Hotspot preventivo prioritario,PUENTE ARANDA,126.0,91.2379816650518,16.0,2.0,36.0,Hotspot robusto integral,PUENTE ARANDA,False,False,True,True,True,Emergente,True,16.0,CONDUCTOR,76.3,10.5,10.5,2.6,0.0,100.0,6052.6,AUTOMOVIL,33.3,18.2,24.2,15.2,0.0,100.0,2304.9,NO MANTENER DISTANCIA DE SEGURIDAD,32.0,ADELANTAR CERRANDO,28.0,OTRA,16.0,100.0,2288.0,126.0,91.2379816650518,Hotspot robusto integral,VELOCIDAD/DISTANCIA
4.605,-74.065,4405.0,68.23701109165208,24.0,0.0,32.0,Seguimiento,SANTA FE,126.0,91.2379816650518,16.0,2.0,36.0,Hotspot robusto integral,SANTA FE,False,False,False,True,True,Emergente,True,16.0,CONDUCTOR,75.8,18.2,3.0,0.0,3.0,100.0,6088.2,AUTOMOVIL,37.5,31.2,15.6,3.1,6.2,100.0,2714.8,NO MANTENER DISTANCIA DE SEGURIDAD,45.8,OTRA,20.8,ADELANTAR CERRANDO,12.5,100.0,2881.9,126.0,91.2379816650518,Hotspot robusto integral,VELOCIDAD/DISTANCIA
4.594,-74.127,1474.0,78.43315820198482,36.0,0.0,72.0,Seguimiento,PUENTE ARANDA,128.0,91.21636729522248,20.0,1.0,44.0,Hotspot robusto integral,PUENTE ARANDA,False,False,False,True,True,Emergente,True,20.0,CONDUCTOR,64.3,16.7,4.8,2.4,11.9,100.0,4580.5,AUTOMOVIL,25.6,20.5,10.3,5.1,17.9,100.0,1650.2,NO MANTENER DISTANCIA DE SEGURIDAD,32.1,DESOBEDECER SEÑALES,28.6,OTRA,17.9,100.0,2346.9,128.0,91.21636729522248,Hotspot robusto integral,VELOCIDAD/DISTANCIA
4.742,-74.098,102.0,92.28604786923526,96.0,2.0,196.0,Hotspot preventivo prioritario,SUBA,131.0,91.08891704553923,30.0,2.0,60.0,Hotspot robusto integral,SUBA,False,True,True,True,True,Persistente,True,30.0,CONDUCTOR,73.0,14.3,0.0,9.5,3.2,100.0,5636.2,AUTOMOVIL,46.4,23.2,8.9,8.9,7.1,100.0,2914.5,NO MANTENER DISTANCIA DE SEGURIDAD,25.5,OTRA,23.4,SEMÁFORO EN ROJO,19.1,100.0,1751.9,131.0,91.08891704553923,Hotspot robusto integral,VELOCIDAD/DISTANCIA
4.594,-74.13,1587.0,77.88091068301226,24.0,0.0,52.0,Seguimiento,PUENTE ARANDA,133.0,91.05910412163674,18.0,1.0,40.0,Hotspot robusto integral,PUENTE ARANDA,False,False,False,True,True,Emergente,True,18.0,CONDUCTOR,65.8,15.8,5.3,5.3,7.9,100.0,4695.3,MOTOCICLETA,17.6,32.4,17.6,5.9,14.7,100.0,1972.3,ADELANTAR CERRANDO,27.3,OTRA,27.3,SUPERFICIE LISA,18.2,83.3,2190.1,133.0,91.05910412163674,Hotspot robusto integral,VELOCIDAD/DISTANCIA
4.567,-74.144,422.0,88.54991243432575,98.0,2.0,170.0,Hotspot preventivo prioritario,CIUDAD BOLIVAR,137.0,90.9890437504658,18.0,2.0,38.0,Hotspot robusto integral,CIUDAD BOLIVAR,False,False,True,True,True,Emergente,True,18.0,CONDUCTOR,76.3,5.3,0.0,15.8,2.6,100.0,6108.0,AUTOMOVIL,28.6,14.3,17.9,21.4,7.1,88.9,1964.3,NO MANTENER DISTANCIA DE SEGURIDAD,32.1,SEMÁFORO EN ROJO,28.6,OTRA,17.9,88.9,2321.4,137.0,90.9890437504658,Hotspot robusto integral,VELOCIDAD/DISTANCIA
4.592,-74.107,274.0,89.99065966141274,56.0,2.0,112.0,Hotspot preventivo prioritario,ANTONIO NARIÑO,139.0,90.96668405753894,15.0,1.0,35.0,Hotspot robusto integral,ANTONIO NARIÑO,False,False,True,True,True,Emergente,True,15.0,CONDUCTOR,61.9,9.5,19.0,9.5,0.0,100.0,4376.4,AUTOMOVIL,80.0,20.0,0.0,0.0,0.0,100.0,6800.0,SEMÁFORO EN ROJO,18.2,TRANSITAR EN CONTRAVIA,18.2,OTRA,18.2,86.7,1460.1,139.0,90.96668405753894,Hotspot robusto integral,CONTROL_SEMAFÓRICO
4.59,-74.071,3931.0,69.99007589025102,22.0,0.0,34.0,Seguimiento,CANDELARIA,139.0,90.96668405753894,15.0,1.0,35.0,Hotspot robusto integral,CANDELARIA,False,False,False,True,True,Emergente,True,15.0,CONDUCTOR,64.5,9.7,9.7,16.1,0.0,100.0,4609.8,AUTOMOVIL,47.8,17.4,13.0,4.3,0.0,100.0,2892.2,SEMÁFORO EN ROJO,27.3,SUBIRSE AL ANDEN O VIAS PEATONALES,13.6,EMBRIAGUEZ O DROGA,13.6,93.3,1363.6,139.0,90.96668405753894,Hotspot robusto integral,CONTROL_SEMAFÓRICO
4.605,-74.195,3625.0,70.43140688849971,14.0,0.0,34.0,Seguimiento,BOSA,139.0,90.96668405753894,15.0,1.0,35.0,Hotspot robusto integral,BOSA,False,False,False,True,True,Emergente,True,15.0,CONDUCTOR,59.5,16.7,23.8,0.0,0.0,100.0,4387.8,AUTOMOVIL,53.1,28.1,18.8,0.0,0.0,100.0,3964.8,DESOBEDECER SEÑALES,55.6,OTRA,29.6,NO MANTENER DISTANCIA DE SEGURIDAD,7.4,100.0,4046.6,139.0,90.96668405753894,Hotspot robusto integral,CONTROL_SEMAFÓRICO
4.611,-74.175,3735.0,70.2533566841798,10.0,0.0,22.0,Seguimiento,KENNEDY,143.0,90.89066110158754,5.0,2.0,19.0,Hotspot de severidad/fatalidad,KENNEDY,False,False,False,True,True,Emergente,True,5.0,CONDUCTOR,35.7,14.3,35.7,14.3,0.0,100.0,2959.2,MOTOCICLETA,0.0,57.1,0.0,14.3,0.0,100.0,4285.7,NO MANTENER DISTANCIA DE SEGURIDAD,42.9,TRANSITAR EN CONTRAVIA,42.9,OTRA,14.3,100.0,3877.6,143.0,90.89066110158754,Hotspot de severidad/fatalidad,VELOCIDAD/DISTANCIA
4.608,-74.075,1361.0,79.302393461763,74.0,0.0,138.0,Seguimiento,SANTA FE,143.0,90.89066110158754,5.0,2.0,19.0,Hotspot de severidad/fatalidad,SANTA FE,False,False,False,True,True,Emergente,True,5.0,CONDUCTOR,56.2,18.8,12.5,12.5,0.0,100.0,3828.1,MOTOCICLETA,8.3,41.7,0.0,16.7,0.0,100.0,3194.4,TRANSITAR ENTRE VEHICULOS,37.5,SEMÁFORO EN ROJO,37.5,PASAR SEMAFORO EN ROJO,12.5,100.0,3125.0,143.0,90.89066110158754,Hotspot de severidad/fatalidad,MANIOBRA_PELIGROSA
4.589,-74.167,12035.0,40.75131348511383,2.0,0.0,6.0,Seguimiento,CIUDAD BOLIVAR,146.0,90.87649996273385,7.0,2.0,21.0,Hotspot robusto integral,CIUDAD BOLIVAR,False,False,False,True,True,Emergente,True,7.0,CONDUCTOR,57.1,21.4,0.0,21.4,0.0,100.0,4183.7,MOTOCICLETA,10.0,40.0,20.0,10.0,0.0,85.7,2400.0,DESOBEDECER SEÑALES,33.3,CRUZAR SIN OBSERVAR,16.7,OTRA,16.7,85.7,2222.2,146.0,90.87649996273385,Hotspot robusto integral,CONTROL_SEMAFÓRICO
4.682,-74.134,1538.0,78.01459427904261,76.0,0.0,128.0,Seguimiento,FONTIBON,149.0,90.77215472907506,12.0,1.0,30.0,Hotspot robusto integral,FONTIBON,False,False,False,True,True,Emergente,True,12.0,CONDUCTOR,52.8,2.8,38.9,0.0,5.6,100.0,4336.4,AUTOMOVIL,45.5,9.1,9.1,4.5,9.1,100.0,2520.7,NO MANTENER DISTANCIA DE SEGURIDAD,22.2,CONDUCIR VEHICULO SIN ADAPTACIONES,22.2,SEMÁFORO EN ROJO,22.2,100.0,1851.9,149.0,90.77215472907506,Hotspot robusto integral,VELOCIDAD/DISTANCIA
4.566,-74.146,4327.0,68.3555166374781,14.0,0.0,30.0,Seguimiento,CIUDAD BOLIVAR,149.0,90.77215472907506,12.0,1.0,30.0,Hotspot robusto integral,CIUDAD BOLIVAR,False,False,False,True,True,Emergente,True,12.0,CONDUCTOR,48.5,15.2,33.3,3.0,0.0,100.0,3700.6,AUTOMOVIL,47.6,33.3,0.0,0.0,0.0,100.0,3605.4,DESOBEDECER SEÑALES,59.1,OTRA,27.3,NO RESPETAR PRELACION DE INTERSECCIONES O GIROS,4.5,100.0,4297.5,149.0,90.77215472907506,Hotspot robusto integral,CONTROL_SEMAFÓRICO
4.622,-74.104,2809.0,73.62872154115585,30.0,0.0,50.0,Seguimiento,PUENTE ARANDA,151.0,90.75426697473354,11.0,1.0,29.0,Hotspot robusto integral,PUENTE ARANDA,False,False,False,True,True,Emergente,True,11.0,CONDUCTOR,69.6,17.4,8.7,0.0,4.3,100.0,5236.3,MOTOCICLETA,26.3,31.6,26.3,0.0,10.5,100.0,2520.8,SEMÁFORO EN ROJO,48.0,DESOBEDECER SEÑALES,24.0,TRANSITAR EN CONTRAVIA,12.0,100.0,3088.0,151.0,90.75426697473354,Hotspot robusto integral,CONTROL_SEMAFÓRICO
4.662,-74.134,870.0,84.78692352597783,44.0,2.0,72.0,Seguimiento,FONTIBON,151.0,90.75426697473354,11.0,1.0,29.0,Hotspot robusto integral,FONTIBON,False,False,False,True,True,Emergente,True,11.0,CONDUCTOR,69.0,10.3,17.2,0.0,3.4,100.0,5172.4,AUTOMOVIL,37.5,16.7,16.7,0.0,8.3,100.0,2187.5,NO MANTENER DISTANCIA DE SEGURIDAD,35.0,OTRA,30.0,ADELANTAR CERRANDO,15.0,100.0,2600.0,151.0,90.75426697473354,Hotspot robusto integral,VELOCIDAD/DISTANCIA
4.589,-74.1,1447.0,78.7098657326328,30.0,0.0,62.0,Seguimiento,ANTONIO NARIÑO,153.0,90.73488857419692,14.0,2.0,32.0,Hotspot robusto integral,ANTONIO NARIÑO,False,False,False,True,True,Emergente,True,14.0,CONDUCTOR,76.7,3.3,0.0,13.3,6.7,100.0,6111.1,AUTOMOVIL,58.3,8.3,0.0,4.2,12.5,100.0,3784.7,ADELANTAR CERRANDO,43.5,OTRA,26.1,DESOBEDECER SEÑALES,13.0,100.0,2930.1,153.0,90.73488857419692,Hotspot robusto integral,VELOCIDAD/DISTANCIA
4.614,-74.14,301.0,89.69001751313485,88.0,2.0,168.0,Hotspot preventivo prioritario,KENNEDY,158.0,90.64470447939182,82.0,2.0,156.0,Hotspot robusto integral,KENNEDY,False,False,True,True,True,Emergente,True,82.0,CONDUCTOR,76.2,9.7,11.4,0.0,2.7,100.0,6039.7,AUTOMOVIL,32.9,18.0,14.9,7.5,3.7,98.8,1832.9,NO MANTENER DISTANCIA DE SEGURIDAD,33.9,OTRA,18.1,SEMÁFORO EN ROJO,13.4,100.0,1793.7,158.0,90.64470447939182,Hotspot robusto integral,VELOCIDAD/DISTANCIA
4.643,-74.059,3788.0,70.10683012259193,24.0,0.0,36.0,Seguimiento,CHAPINERO,159.0,90.59029589326974,11.0,2.0,27.0,Hotspot robusto integral,CHAPINERO,False,False,False,True,True,Emergente,True,11.0,CONDUCTOR,68.2,18.2,9.1,0.0,4.5,100.0,5082.6,AUTOMOVIL,38.9,38.9,16.7,0.0,5.6,100.0,3333.3,SEMÁFORO EN ROJO,31.6,OTRA,26.3,ADELANTAR POR LA DERECHA,15.8,100.0,2243.8,159.0,90.59029589326974,Hotspot robusto integral,CONTROL_SEMAFÓRICO
4.623,-74.106,2092.0,75.7466433158202,90.0,0.0,134.0,Seguimiento,PUENTE ARANDA,159.0,90.59029589326974,11.0,2.0,27.0,Hotspot robusto integral,PUENTE ARANDA,False,False,False,True,True,Emergente,True,11.0,CONDUCTOR,73.9,17.4,0.0,4.3,4.3,100.0,5803.4,AUTOMOVIL,40.9,18.2,0.0,0.0,9.1,100.0,2603.3,ADELANTAR CERRANDO,19.4,SEMÁFORO EN ROJO,19.4,NO MANTENER DISTANCIA DE SEGURIDAD,16.1,90.9,1550.5,159.0,90.59029589326974,Hotspot robusto integral,VELOCIDAD/DISTANCIA
4.765,-74.045,5274.0,65.02685347343842,12.0,0.0,24.0,Seguimiento,SUBA,159.0,90.59029589326974,11.0,2.0,27.0,Hotspot robusto integral,SUBA,False,False,False,True,True,Emergente,True,11.0,CONDUCTOR,73.1,11.5,15.4,0.0,0.0,100.0,5710.1,MOTOCICLETA,22.7,27.3,9.1,18.2,0.0,100.0,1859.5,NO MANTENER DISTANCIA DE SEGURIDAD,28.6,OTRA,28.6,DESOBEDECER SEÑALES,23.8,100.0,2426.3,159.0,90.59029589326974,Hotspot robusto integral,VELOCIDAD/DISTANCIA
4.683,-74.123,335.0,89.26444833625219,78.0,2.0,146.0,Hotspot preventivo prioritario,FONTIBON,164.0,90.57166281583066,16.0,2.0,34.0,Hotspot robusto integral,FONTIBON,False,False,True,True,True,Emergente,True,16.0,CONDUCTOR,96.4,3.6,0.0,0.0,0.0,100.0,9311.2,AUTOMOVIL,57.1,7.1,10.7,17.9,0.0,100.0,3801.0,NO MANTENER DISTANCIA DE SEGURIDAD,45.8,OTRA,20.8,TRANSITAR POR VIAS PROHIBIDAS,12.5,100.0,2916.7,164.0,90.57166281583066,Hotspot robusto integral,VELOCIDAD/DISTANCIA
4.688,-74.083,1980.0,76.20023350846468,70.0,0.0,110.0,Seguimiento,ENGATIVA,165.0,90.57166281583063,17.0,2.0,35.0,Hotspot robusto integral,ENGATIVA,False,False,False,True,True,Emergente,True,17.0,CONDUCTOR,75.0,9.1,15.9,0.0,0.0,100.0,5960.7,AUTOMOVIL,51.4,16.2,13.5,5.4,0.0,100.0,3294.4,NO MANTENER DISTANCIA DE SEGURIDAD,68.2,EMBRIAGUEZ O DROGA,13.6,ADELANTAR CERRANDO,9.1,100.0,4958.7,165.0,90.57166281583063,Hotspot robusto integral,VELOCIDAD/DISTANCIA
4.619,-74.183,1244.0,80.00175131348512,26.0,0.0,62.0,Seguimiento,BOSA,166.0,90.56122829246478,10.0,2.0,26.0,Hotspot robusto integral,BOSA,False,False,False,True,True,Emergente,True,10.0,CONDUCTOR,67.9,17.9,10.7,0.0,3.6,100.0,5051.0,MOTOCICLETA,12.0,32.0,20.0,12.0,8.0,100.0,2032.0,SEMÁFORO EN ROJO,35.3,NO MANTENER DISTANCIA DE SEGURIDAD,23.5,ADELANTAR CERRANDO,17.6,100.0,2456.7,166.0,90.56122829246478,Hotspot robusto integral,CONTROL_SEMAFÓRICO
4.595,-74.138,53.0,93.17046117921774,72.0,8.0,152.0,Hotspot de severidad/fatalidad,TUNJUELITO,168.0,90.54632183051352,41.0,2.0,81.0,Hotspot robusto integral,KENNEDY,False,True,True,True,True,Persistente,True,41.0,CONDUCTOR,73.7,10.1,9.1,5.1,2.0,100.0,5651.5,AUTOMOVIL,38.8,14.1,10.6,11.8,2.4,100.0,2060.9,NO MANTENER DISTANCIA DE SEGURIDAD,33.3,OTRA,25.0,ADELANTAR CERRANDO,18.1,97.6,2191.4,168.0,90.54632183051352,Hotspot robusto integral,VELOCIDAD/DISTANCIA
4.511,-74.115,173.0,91.0881494454174,42.0,2.0,94.0,Hotspot preventivo prioritario,USME,169.0,90.50234776775731,10.0,1.0,28.0,Hotspot robusto integral,USME,False,True,True,True,True,Persistente,True,10.0,CONDUCTOR,61.9,4.8,14.3,4.8,14.3,100.0,4285.7,BUS,13.3,6.7,0.0,33.3,26.7,100.0,2444.4,PONER EN MARCHA UN VEHICULO SIN PRECAUCIONES,37.5,OTRA,18.8,ADELANTAR CERRANDO,18.8,100.0,2343.8,169.0,90.50234776775731,Hotspot robusto integral,MANIOBRA_PELIGROSA
4.598,-74.084,97.0,92.32282545242263,62.0,2.0,138.0,Hotspot preventivo prioritario,SANTA FE,169.0,90.50234776775731,10.0,1.0,28.0,Hotspot robusto integral,LOS MARTIRES,False,True,True,True,True,Persistente,True,10.0,PEATON,38.1,19.0,0.0,38.1,4.8,100.0,3288.0,CAMIONETA,7.7,30.8,46.2,0.0,15.4,100.0,3372.8,DESOBEDECER SEÑALES,46.2,NO MANTENER DISTANCIA DE SEGURIDAD,23.1,CRUZAR SIN OBSERVAR,7.7,70.0,2899.4,169.0,90.50234776775731,Hotspot robusto integral,CONTROL_SEMAFÓRICO
4.613,-74.176,1978.0,76.20607122008171,96.0,0.0,144.0,Seguimiento,KENNEDY,173.0,90.44272191995228,19.0,1.0,39.0,Hotspot robusto integral,KENNEDY,False,False,False,True,True,Emergente,True,19.0,CONDUCTOR,64.4,13.3,15.6,2.2,4.4,100.0,4597.5,AUTOMOVIL,37.8,21.6,8.1,13.5,8.1,100.0,2330.2,ADELANTAR CERRANDO,27.3,NO MANTENER DISTANCIA DE SEGURIDAD,27.3,SEMÁFORO EN ROJO,24.2,89.5,2194.7,173.0,90.44272191995228,Hotspot robusto integral,VELOCIDAD/DISTANCIA
4.585,-74.137,2501.0,74.723292469352,20.0,0.0,40.0,Seguimiento,TUNJUELITO,174.0,90.38086010285456,12.0,2.0,28.0,Hotspot robusto integral,TUNJUELITO,False,False,False,True,True,Emergente,True,12.0,CONDUCTOR,78.3,4.3,4.3,0.0,13.0,100.0,6332.7,BUS,22.7,9.1,9.1,27.3,9.1,100.0,1735.5,ADELANTAR CERRANDO,38.9,OTRA,22.2,ADELANTAR INVADIENDO VIA,5.6,100.0,2222.2,174.0,90.38086010285456,Hotspot robusto integral,VELOCIDAD/DISTANCIA
4.594,-74.134,2644.0,74.18096906012843,22.0,0.0,54.0,Seguimiento,TUNJUELITO,174.0,90.38086010285456,12.0,2.0,28.0,Hotspot robusto integral,TUNJUELITO,False,False,False,True,True,Emergente,True,12.0,CONDUCTOR,67.9,14.3,10.7,0.0,7.1,100.0,4974.5,CAMIONETA,16.7,16.7,16.7,12.5,16.7,100.0,1423.6,ADELANTAR CERRANDO,23.8,OTRA,23.8,TRANSITAR DISTANTE DE LA ACERA U ORILLA DE LA CALZ,14.3,100.0,1746.0,174.0,90.38086010285456,Hotspot robusto integral,VELOCIDAD/DISTANCIA
4.506,-74.148,12543.0,40.75131348511383,2.0,0.0,6.0,Seguimiento,CIUDAD BOLIVAR,176.0,90.3786241335619,5.0,2.0,17.0,Hotspot de severidad/fatalidad,CIUDAD BOLIVAR,False,False,False,True,True,Emergente,True,5.0,CONDUCTOR,60.0,10.0,20.0,0.0,10.0,100.0,4200.0,MOTOCICLETA,25.0,25.0,12.5,0.0,25.0,100.0,2187.5,TRANSITAR EN CONTRAVIA,46.2,TRANSPORTAR PASAJEROS EN LA PARTE EXTERIOR,23.1,OTRA,23.1,100.0,3254.4,176.0,90.3786241335619,Hotspot de severidad/fatalidad,MANIOBRA_PELIGROSA
4.679,-74.095,382.0,88.93111500291886,18.0,4.0,46.0,Hotspot preventivo prioritario,ENGATIVA,176.0,90.3786241335619,5.0,2.0,17.0,Hotspot de severidad/fatalidad,ENGATIVA,False,False,True,True,True,Emergente,True,5.0,CONDUCTOR,45.5,27.3,18.2,0.0,9.1,100.0,3223.1,MOTOCICLETA,0.0,66.7,0.0,0.0,22.2,100.0,5061.7,NO MANTENER DISTANCIA DE SEGURIDAD,30.0,ADELANTAR CERRANDO,30.0,TRANSITAR ENTRE VEHICULOS,30.0,100.0,2800.0,176.0,90.3786241335619,Hotspot de severidad/fatalidad,VELOCIDAD/DISTANCIA
4.662,-74.133,270.0,90.02159953298306,180.0,4.0,312.0,Hotspot de carga acumulada,FONTIBON,180.0,90.3182529626593,9.0,2.0,25.0,Hotspot robusto integral,FONTIBON,False,False,True,True,True,Emergente,True,9.0,CONDUCTOR,68.4,15.8,5.3,0.0,10.5,100.0,5069.3,AUTOMOVIL,33.3,22.2,0.0,16.7,16.7,100.0,2284.0,TRANSITAR ENTRE VEHICULOS,37.5,NO MANTENER DISTANCIA DE SEGURIDAD,25.0,ADELANTAR CERRANDO,25.0,100.0,2734.4,180.0,90.3182529626593,Hotspot robusto integral,MANIOBRA_PELIGROSA
4.619,-74.14,31.0,93.89784004670167,132.0,12.0,276.0,Hotspot robusto integral,KENNEDY,183.0,90.27875083848848,74.0,1.0,146.0,Hotspot robusto integral,KENNEDY,True,True,True,True,True,Persistente,True,74.0,CONDUCTOR,66.1,12.1,14.9,0.6,6.3,100.0,4777.4,AUTOMOVIL,34.0,16.7,6.2,15.3,9.7,100.0,1895.3,NO MANTENER DISTANCIA DE SEGURIDAD,34.2,OTRA,25.0,ADELANTAR CERRANDO,15.8,98.6,2108.3,183.0,90.27875083848848,Hotspot robusto integral,VELOCIDAD/DISTANCIA
4.666,-74.13,2104.0,75.56450671336836,216.0,0.0,288.0,Hotspot de carga acumulada,FONTIBON,184.0,90.2765148691958,65.0,2.0,119.0,Hotspot robusto integral,FONTIBON,False,False,False,True,True,Emergente,True,65.0,CONDUCTOR,81.8,8.8,3.6,0.7,5.1,100.0,6800.0,AUTOMOVIL,42.0,13.7,10.7,9.9,8.4,100.0,2312.8,NO MANTENER DISTANCIA DE SEGURIDAD,41.1,OTRA,13.4,SEMÁFORO EN ROJO,12.5,96.9,2240.1,184.0,90.2765148691958,Hotspot robusto integral,VELOCIDAD/DISTANCIA
4.643,-74.062,1116.0,81.32516053706948,96.0,0.0,192.0,Seguimiento,CHAPINERO,186.0,90.27204293061044,14.0,3.0,30.0,Hotspot robusto integral,CHAPINERO,False,False,False,True,True,Emergente,True,14.0,CONDUCTOR,60.7,21.4,0.0,10.7,7.1,100.0,4311.2,MOTOCICLETA,24.0,32.0,12.0,12.0,8.0,100.0,2032.0,ADELANTAR CERRANDO,26.3,NO MANTENER DISTANCIA DE SEGURIDAD,26.3,OTRA,15.8,92.9,1856.0,186.0,90.27204293061044,Hotspot robusto integral,VELOCIDAD/DISTANCIA
4.672,-74.125,397.0,88.7600700525394,212.0,4.0,352.0,Hotspot de carga acumulada,FONTIBON,191.0,90.10509055675637,63.0,1.0,121.0,Hotspot robusto integral,FONTIBON,False,False,True,True,True,Emergente,True,63.0,CONDUCTOR,72.9,16.5,3.0,1.5,6.0,100.0,5640.2,AUTOMOVIL,39.3,24.6,10.7,8.2,11.5,96.8,2477.8,NO MANTENER DISTANCIA DE SEGURIDAD,22.6,SEMÁFORO EN ROJO,22.6,OTRA,17.9,100.0,1564.6,191.0,90.10509055675637,Hotspot robusto integral,VELOCIDAD/DISTANCIA
4.62,-74.098,1124.0,81.26269702276707,42.0,0.0,94.0,Seguimiento,PUENTE ARANDA,192.0,90.0558992323172,15.0,2.0,31.0,Hotspot robusto integral,PUENTE ARANDA,False,False,False,True,True,Emergente,True,15.0,CONDUCTOR,75.9,13.8,0.0,6.9,3.4,100.0,6004.8,AUTOMOVIL,28.0,24.0,24.0,0.0,4.0,100.0,2160.0,ADELANTAR CERRANDO,47.6,NO MANTENER DISTANCIA DE SEGURIDAD,23.8,OTRA,23.8,93.3,3424.0,192.0,90.0558992323172,Hotspot robusto integral,VELOCIDAD/DISTANCIA
4.698,-74.124,5228.0,65.02685347343842,12.0,0.0,24.0,Seguimiento,ENGATIVA,193.0,90.05515390921964,11.0,1.0,27.0,Hotspot robusto integral,ENGATIVA,False,False,False,True,True,Emergente,True,11.0,CONDUCTOR,81.8,9.1,0.0,4.5,4.5,100.0,6818.2,AUTOMOVIL,52.4,14.3,9.5,0.0,9.5,100.0,3333.3,DESOBEDECER SEÑALES,62.5,REVERSO IMPRUDENTE,18.8,OTRA,6.2,100.0,4375.0,193.0,90.05515390921964,Hotspot robusto integral,CONTROL_SEMAFÓRICO
4.602,-74.134,704.0,86.21716287215412,44.0,2.0,76.0,Seguimiento,PUENTE ARANDA,195.0,90.03652083178058,17.0,1.0,35.0,Hotspot robusto integral,KENNEDY,False,False,False,True,True,Emergente,True,17.0,CONDUCTOR,76.9,10.3,0.0,7.7,5.1,100.0,6107.8,AUTOMOVIL,45.5,15.2,6.1,12.1,9.1,100.0,2635.4,NO MANTENER DISTANCIA DE SEGURIDAD,47.8,OTRA,26.1,OTRAS,8.7,94.1,3156.9,195.0,90.03652083178058,Hotspot robusto integral,VELOCIDAD/DISTANCIA
4.692,-74.086,2107.0,75.54816112084065,82.0,0.0,122.0,Seguimiento,ENGATIVA,196.0,90.03055824700009,27.0,4.0,51.0,Hotspot robusto integral,ENGATIVA,False,False,False,True,True,Emergente,True,27.0,CONDUCTOR,81.8,10.9,0.0,0.0,7.3,100.0,6866.1,AUTOMOVIL,36.4,14.5,30.9,5.5,10.9,100.0,2641.3,NO MANTENER DISTANCIA DE SEGURIDAD,39.0,OTRA,31.7,TRANSITAR ENTRE VEHICULOS,9.8,100.0,2754.3,196.0,90.03055824700009,Hotspot robusto integral,VELOCIDAD/DISTANCIA
4.596,-74.158,458.0,88.28955049620548,50.0,4.0,90.0,Hotspot preventivo prioritario,CIUDAD BOLIVAR,198.0,90.00596258478049,55.0,1.0,105.0,Hotspot robusto integral,CIUDAD BOLIVAR,False,False,True,True,True,Emergente,True,55.0,CONDUCTOR,66.9,12.1,7.3,8.9,4.8,100.0,4781.5,AUTOMOVIL,31.1,19.4,14.6,2.9,8.7,98.2,1771.1,NO MANTENER DISTANCIA DE SEGURIDAD,31.0,ADELANTAR CERRANDO,21.4,OTRA,17.9,100.0,1842.4,198.0,90.00596258478049,Hotspot robusto integral,VELOCIDAD/DISTANCIA
4.626,-74.138,385.0,88.91827203736135,164.0,2.0,280.0,Hotspot de carga acumulada,KENNEDY,199.0,90.0037266154878,60.0,2.0,108.0,Hotspot robusto integral,KENNEDY,False,False,True,True,True,Emergente,True,60.0,CONDUCTOR,81.1,5.5,9.4,3.1,0.8,100.0,6707.8,AUTOMOVIL,55.0,10.1,7.3,3.7,1.8,100.0,3291.8,NO MANTENER DISTANCIA DE SEGURIDAD,39.7,OTRA,28.1,ADELANTAR CERRANDO,9.1,98.3,2514.2,199.0,90.0037266154878,Hotspot robusto integral,VELOCIDAD/DISTANCIA
4.684,-74.079,439.0,88.456509048453,216.0,4.0,340.0,Hotspot de carga acumulada,BARRIOS UNIDOS,200.0,89.96124319892674,40.0,1.0,78.0,Hotspot robusto integral,BARRIOS UNIDOS,False,False,True,True,True,Emergente,True,40.0,CONDUCTOR,77.6,9.4,4.7,3.5,4.7,100.0,6174.4,AUTOMOVIL,46.8,13.0,23.4,6.5,5.2,100.0,2983.6,NO MANTENER DISTANCIA DE SEGURIDAD,36.4,OTRA,31.8,ADELANTAR CERRANDO,9.1,100.0,2474.7,200.0,89.96124319892674,Hotspot robusto integral,VELOCIDAD/DISTANCIA
